{"cameraMode":{"drawMode":0,"name":"Shaded","section":"Shading Mode"},"sceneLighting":false,"audioPlay":false,"sceneViewState":{"m_AlwaysRefresh":false,"showFog":true,"showSkybox":false,"showFlares":true,"showImageEffects":true,"showParticleSystems":true,"showVisualEffectGraphs":true,"m_FxEnabled":true},"in2DMode":false,"pivot":{"x":1.1146743297576905,"y":1.7968381643295289,"z":-12.105741500854493},"rotation":{"x":0.20392929017543794,"y":0.4653990864753723,"z":-0.11208535730838776,"w":0.853747546672821},"size":0.6594337224960327,"orthographic":false}