{"cameraMode":{"drawMode":0,"name":"Shaded","section":"Shading Mode"},"sceneLighting":false,"audioPlay":false,"sceneViewState":{"m_AlwaysRefresh":false,"showFog":true,"showSkybox":false,"showFlares":true,"showImageEffects":true,"showParticleSystems":true,"showVisualEffectGraphs":true,"m_FxEnabled":true},"in2DMode":false,"pivot":{"x":1.2185429334640504,"y":1.362680435180664,"z":48.823936462402347},"rotation":{"x":-0.02815692499279976,"y":-0.05186428502202034,"z":0.0014620915753766895,"w":-0.9982587099075317},"size":1.3851232528686524,"orthographic":false}