{"cameraMode":{"drawMode":0,"name":"Shaded","section":"Shading Mode"},"sceneLighting":false,"audioPlay":false,"sceneViewState":{"m_AlwaysRefresh":false,"showFog":true,"showSkybox":false,"showFlares":true,"showImageEffects":true,"showParticleSystems":true,"showVisualEffectGraphs":true,"m_FxEnabled":true},"in2DMode":false,"pivot":{"x":-0.4348199963569641,"y":1.0316535234451295,"z":20.854755401611329},"rotation":{"x":-0.020068254321813585,"y":0.9772440791130066,"z":-0.10772110521793366,"w":-0.18086907267570496},"size":1.260192632675171,"orthographic":false}