{"cameraMode":{"drawMode":0,"name":"Shaded","section":"Shading Mode"},"sceneLighting":false,"audioPlay":false,"sceneViewState":{"m_AlwaysRefresh":false,"showFog":true,"showSkybox":false,"showFlares":true,"showImageEffects":true,"showParticleSystems":true,"showVisualEffectGraphs":true,"m_FxEnabled":true},"in2DMode":false,"pivot":{"x":-0.01108577847480774,"y":1.1639125347137452,"z":0.41673025488853457},"rotation":{"x":0.00899984035640955,"y":-0.007501402869820595,"z":0.00006489528459496796,"w":0.9999388456344605},"size":0.9210846424102783,"orthographic":false}