{"cameraMode":{"drawMode":0,"name":"Shaded","section":"Shading Mode"},"sceneLighting":false,"audioPlay":false,"sceneViewState":{"m_AlwaysRefresh":false,"showFog":true,"showSkybox":false,"showFlares":true,"showImageEffects":true,"showParticleSystems":true,"showVisualEffectGraphs":true,"m_FxEnabled":true},"in2DMode":false,"pivot":{"x":-0.2555067539215088,"y":1.987107515335083,"z":77.30796813964844},"rotation":{"x":0.002316475845873356,"y":0.9947647452354431,"z":-0.0976111888885498,"w":0.02385273575782776},"size":0.8660253882408142,"orthographic":false}