{"cameraMode":{"drawMode":0,"name":"Shaded","section":"Shading Mode"},"sceneLighting":false,"audioPlay":false,"sceneViewState":{"m_AlwaysRefresh":false,"showFog":true,"showSkybox":false,"showFlares":true,"showImageEffects":true,"showParticleSystems":true,"showVisualEffectGraphs":true,"m_FxEnabled":true},"in2DMode":false,"pivot":{"x":-0.755810558795929,"y":1.5833563804626465,"z":0.2687545716762543},"rotation":{"x":0.03289985656738281,"y":0.07548897713422775,"z":-0.0024921854492276909,"w":0.9965999722480774},"size":1.828629732131958,"orthographic":false}