{"cameraMode":{"drawMode":0,"name":"Shaded","section":"Shading Mode"},"sceneLighting":false,"audioPlay":false,"sceneViewState":{"m_AlwaysRefresh":false,"showFog":true,"showSkybox":false,"showFlares":true,"showImageEffects":true,"showParticleSystems":true,"showVisualEffectGraphs":true,"m_FxEnabled":true},"in2DMode":false,"pivot":{"x":0.0551304817199707,"y":0.9630927443504334,"z":0.20078444480895997},"rotation":{"x":-0.022177862003445627,"y":-0.38117560744285586,"z":0.00916318129748106,"w":-0.9241683483123779},"size":3.3000171184539797,"orthographic":false}