{"cameraMode":{"drawMode":0,"name":"Shaded","section":"Shading Mode"},"sceneLighting":false,"audioPlay":false,"sceneViewState":{"m_AlwaysRefresh":false,"showFog":true,"showSkybox":false,"showFlares":true,"showImageEffects":true,"showParticleSystems":true,"showVisualEffectGraphs":true,"m_FxEnabled":true},"in2DMode":false,"pivot":{"x":464.3509521484375,"y":1003.8900146484375,"z":259.9757080078125},"rotation":{"x":-0.04526619240641594,"y":0.026974892243742944,"z":-0.0011770192068070174,"w":-0.9985755085945129},"size":852.5999755859375,"orthographic":false}