{"cameraMode":{"drawMode":0,"name":"Shaded","section":"Shading Mode"},"sceneLighting":false,"audioPlay":false,"sceneViewState":{"m_AlwaysRefresh":false,"showFog":true,"showSkybox":false,"showFlares":true,"showImageEffects":true,"showParticleSystems":true,"showVisualEffectGraphs":true,"m_FxEnabled":true},"in2DMode":false,"pivot":{"x":-3.3245623111724855,"y":1.1839879751205445,"z":0.5259719491004944},"rotation":{"x":0.031483910977840427,"y":0.7133321166038513,"z":0.03213050588965416,"w":-0.6993400454521179},"size":2.4803454875946047,"orthographic":false}