{"cameraMode":{"drawMode":0,"name":"Shaded","section":"Shading Mode"},"sceneLighting":false,"audioPlay":false,"sceneViewState":{"m_AlwaysRefresh":false,"showFog":true,"showSkybox":false,"showFlares":true,"showImageEffects":true,"showParticleSystems":true,"showVisualEffectGraphs":true,"m_FxEnabled":true},"in2DMode":false,"pivot":{"x":-46.849388122558597,"y":1.3899999856948853,"z":49.85618209838867},"rotation":{"x":0.06711910665035248,"y":-0.038293614983558658,"z":0.001463750610128045,"w":0.996653139591217},"size":3.0120151042938234,"orthographic":false}