{"cameraMode":{"drawMode":0,"name":"Shaded","section":"Shading Mode"},"sceneLighting":false,"audioPlay":false,"sceneViewState":{"m_AlwaysRefresh":false,"showFog":true,"showSkybox":false,"showFlares":true,"showImageEffects":true,"showParticleSystems":true,"showVisualEffectGraphs":true,"m_FxEnabled":true},"in2DMode":false,"pivot":{"x":0.14600610733032227,"y":2.4636168479919435,"z":0.7020161151885986},"rotation":{"x":-0.16578318178653718,"y":0.5800765752792358,"z":-0.12195780128240586,"w":-0.7880898714065552},"size":1.6520655155181885,"orthographic":false}