{"cameraMode":{"drawMode":0,"name":"Shaded","section":"Shading Mode"},"sceneLighting":false,"audioPlay":false,"sceneViewState":{"m_AlwaysRefresh":false,"showFog":true,"showSkybox":false,"showFlares":true,"showImageEffects":true,"showParticleSystems":true,"showVisualEffectGraphs":true,"m_FxEnabled":true},"in2DMode":false,"pivot":{"x":-0.17669986188411714,"y":1.0516144037246705,"z":12.791659355163575},"rotation":{"x":0.0000631982838967815,"y":0.9621821641921997,"z":-0.2718869745731354,"w":-0.00003601356365834363},"size":1.2471059560775757,"orthographic":false}