{"cameraMode":{"drawMode":0,"name":"Shaded","section":"Shading Mode"},"sceneLighting":false,"audioPlay":false,"sceneViewState":{"m_AlwaysRefresh":false,"showFog":true,"showSkybox":false,"showFlares":true,"showImageEffects":true,"showParticleSystems":true,"showVisualEffectGraphs":true,"m_FxEnabled":true},"in2DMode":false,"pivot":{"x":0.040471673011779788,"y":0.6678780317306519,"z":-0.043508291244506839},"rotation":{"x":0.19181673228740693,"y":0.5404434204101563,"z":-0.12915048003196717,"w":0.80875164270401},"size":2.2875969409942629,"orthographic":false}